Games,Code,Category,Provider,Country
Ragnarok Online 3,ROO3,Popular Games,LG,Philippines
Draconia Saga,DRSG,Games,LG,Indonesia
Lord Nine via LOG IN,,Popular Games,default
Whiteout Survival,WS,Games,LG,Indonesia
Ragnarok M: Classic Global,ROMCGLO,Popular Games,LG,Indonesia
Ulala: Idle Adventure,UIA,Games,LG,Indonesia
Dragon Nest M: Classic - SEA,DNMC,Popular Games,LG,Indonesia
Gold Dragon Nest Classic SEA,GDNCLASSICSEA,Games,LG,Indonesia
Uplive,UPLV,Entertainment,LG,Philippines
Dragonica Origin,DROGI,Popular Games,LG,Indonesia
CHAMET,CHAMET,Entertainment,LG,Indonesia
Age of Empires Mobile - Razer Link,AOEMLINK,Games,LG,Indonesia
WeSing,WSG,Entertainment,LG,Philippines
Persona 5 The Phantom X,P5TPX,Popular Games,LG,Indonesia
Playpal PH Voucher,Playpal,Voucher,default
Crossfire - Gameclub eCoin (PH),CF,Games,LG,Philippines
Iphone 16 Promax,GPDS Game Shop,Electronic Devices,default
Etheria: Restart - via Login,ETRS,Games,LG,Indonesia
Free Fire,FF,Games,LG,Indonesia
"Mobile Legends Global - exc ID, MY, PH, RU, SG",MLBBGLO,Games,LG,Indonesia
Drop Link Razer - Any Games,RZRLINK,Games,LG,Indonesia
Legend of Mushroom: Rush,LOMR,Popular Games,LG,Indonesia
Voucher PUBGM,VPUBGM,Voucher,LG,Indonesia
Voucher Nintendo,NTD,Voucher,LG,Indonesia
ODIN : VALHALLA RISING - Webshop,OVRWBSHP,Games,LG,Indonesia
Bstation / Bilibili,BSTT,Voucher,LG,Indonesia
Gunbound GGH,GB,Popular Games,LG,Indonesia
Cherry Credits,CRCD,Voucher,LG,Indonesia
Identity V,IDNTV,Games,LG,Indonesia
AFK Journey,AFKJID,Games,LG,Indonesia
Zenless Zone Zero,ZZZ,Popular Games,LG,Indonesia
Kings Choice,KC,Games,LG,Indonesia
Crystal of Atlan,COFA,Popular Games,LG,Indonesia
Mobile Legends First Top Up,MLFTP,Popular Games,LG,Philippines
Teamfight Tactics Mobile,TFT,Popular Games,LG,Philippines
Dunk City Dynasty,DCD,Popular Games,LG,Indonesia
Microsoft Office 2021 Pro,GPDS,CDKEYS,default
Microsoft Windows 11 Pro CDKEY,MWGPDS,CDKEYS,default
Eggy Party,EGGPRT,Games,LG,Indonesia
Netflix,NFX,Voucher,LG,United States
Spotify,SPTFY,Voucher,LG,Indonesia
Candy Crush Saga,CCSVGP,Games,LG,Indonesia
iTunes,VITUNES,Voucher,LG,Indonesia
ExitLag,EXTL,Voucher,LG,Indonesia
BLEACH Mobile 3D,BLEACH,Games,LG,Indonesia
Go Go Muffin,GGMF,Popular Games,LG,Indonesia
Lineage2M,LINEG,Popular Games,LG,Indonesia
Voucher Call of Duty Mobile,CODMPH,Voucher,LG,Indonesia
Love and Deepspace - via Login,LNDLOG,Games,LG,Indonesia
Last War : Survival Game - Login,LWSLOG,Games,LG,Indonesia
King Arthur Legends Rise Netmarble - Login,KOALRN,Games,LG,Indonesia
Moonlight Sculptor - Login,MLTSCL,Games,LG,Indonesia
VIA LOGIN Kingshot - via Login,KGSHLOG,Games,LG,Indonesia
MU: Dark Epoch via Login,MUDE,Games,LG,Indonesia
Jujutsu Kaisen Phantom Parade - via Login,JJKPPLOG,Games,LG,Indonesia
Infinity Nikki - via Login,INLOG,Games,LG,Indonesia
Hay Day - via Login,HYDAYLOG,Games,LG,Indonesia
ODIN : VALHALLA RISING - via Login,OVRLOG,Games,LG,Indonesia
Honkai Star Rail - Login,HSTRLOG,Games,LG,Indonesia
Path of Exile 2 via Login,POEII,Games,LG,Indonesia
Game of Khans - via Login,GOK,Games,LG,Indonesia
Pokemon TCG POCKET - LOGIN,POKTCG,Games,LG,Indonesia
Perfect World VNG: Fly with me - Login,PWVNG,Games,LG,Indonesia
Genshin Impact - Via Login,GILOG,Games,LG,Indonesia
Ragnarok Arena - Login,ROA,Games,LG,Indonesia
Girls Frontline 2 Exilium via Login,GFEX,Games,LG,Indonesia
Roblox - Login,ROBLOG,Games,LG,Indonesia
Gods and Demon - Via Login,GAD,Games,LG,Indonesia
Ragnarok M Classic : via Login,ROMCLOGIN,Games,LG,Indonesia
Frostpunk: Beyond the Ice - via Login,FPBTI,Games,LG,Indonesia
Ragnarok Origin - Login,ROOGLOBALLOG,Games,LG,Indonesia
Flame of Valhalla - via Login,FOVLOG,Games,LG,Indonesia
Ragnarok Rebirth - via Login,RORBLOG,Games,LG,Indonesia
Earth: Revival The Core via Login,ERTCLOG,Games,LG,Indonesia
eFootball via Login,EFBVGP,Games,LG,Indonesia
Dark War Survival via Login,DWS,Games,LG,Indonesia
Dragon Nest : Rebirth of Legend via Login,DNRLVILOG,Games,LG,Indonesia
Ragnarok X - Login,ROX,Games,LG,Indonesia
Snowbreak: Containment Zone via Login,SCZ,Games,LG,Indonesia
Dynasty Legends 2 - via Login,DL2LOG,Games,LG,Indonesia
Seven Knights 2 - Login,SK2,Games,LG,Indonesia
Dungeon Hunter 6 : Action RPG - via Login,DH6LOG,Games,LG,Indonesia
Seven Knight Idle Adventure - Login,SKIDLOG,Games,LG,Indonesia
Soul Land: New World - via Login,SLNWLOG,Games,LG,Indonesia
Dragon Hunter - Login,DH,Games,LG,Indonesia
Sword of Convallaria - via Login,SOCLOG,Games,LG,Indonesia
Diablo: Immortal - Login,DBI,Games,LG,Indonesia
Solo Leveling : Arise - via Login,SOLOLVAR,Games,LG,Indonesia
Covet Fashion: Dress Up Game via Login,CTFN,Games,LG,Indonesia
Clash Royale - via Login,CRLOG,Games,LG,Indonesia
Souls - Login,SOULSLOG,Games,LG,Indonesia
Call of Dragons - Login,CODLOG,Games,LG,Indonesia
Squad Busters - Via Login,SQB,Games,LG,Indonesia
Starseed Asnia Trigger via Login,STAT,Games,LG,Indonesia
Coin Master - Login,CMLOG,Games,LG,Indonesia
Summoner War : Chronicles - Login,SWCLOG,Games,LG,Indonesia
Capybara Go! via Login,CBG,Games,LG,Indonesia
Brawl Stars - via Login,BRSTRLOG,Games,LG,Indonesia
Three Kingdoms Tactics - Login,TKT,Games,LG,Indonesia
Blue Lock PWC via Login,BLPWLOG,Games,LG,Indonesia
Tower of God: NEW WORLD - Login,TOGLOG,Games,LG,Indonesia
Black Desert Mobile - via Login,BDMLOG,Games,LG,Indonesia
Boom Beach - via Login,BBLOG,Games,LG,Indonesia
Tree of Savior : Neverland - via Login,TOSN,Games,LG,Indonesia
Black Beacon via Login,BBCNLOG,Games,LG,Indonesia
The Ragnarok - Via Login,TROLOG,Games,LG,Indonesia
Avatara - Login,AVA,Games,LG,Indonesia
Ancient Seal : The Exorcist - via Login,ASTELOG,Games,LG,Indonesia
Undecember - Login,UDC,Games,LG,Indonesia
Warhammer 40000: Warpforge via Login,W40KW,Games,LG,Indonesia
Arknights Global - Login,ARKLOG,Games,LG,Indonesia
War Thunder PC - via Login,WTR,Games,LG,Indonesia
Age of Empires Mobile - Login,AOEMLOG,Games,LG,Indonesia
War Thunder Mobile - via Login,WTRM,Games,LG,Indonesia
AFK Journey - Via Login,AFKJ,Games,LG,Indonesia
Wuthering Waves - Login,WUTWVSLOG,Games,LG,Indonesia
X-Samkok - via Login,XSLOG,Games,LG,Indonesia
Archero 2 via Login,ACHR,Games,LG,Indonesia
Blood Strike by Netease,BST,Games,LG,Indonesia
Modern Warships,MWGD,Games,LG,Indonesia
Age of Empires Mobile,AOEM,Games,LG,Indonesia
Dragon Nest : Rebirth of Legend,DNRLLOG,Games,LG,Indonesia
Dragon Nest Classic SEA,DNCLASSICSEA,Popular Games,LG,Indonesia
Night Crows - via Login,NCRLOG,Games,LG,Indonesia
Ragnarok Landverse Genesis,ROLAG,Games,LG,Indonesia
Ragnarok Origin Global,ROOGLOBAL,Games,LG,Indonesia
Ragnarok Idle Adventure Plus,ROIDLEPLUS,Popular Games,LG,Indonesia
Path of Exile 2 - Drop Link,POEIILINK,Games,LG,Indonesia
Path of Exile 2 via Login,POEII,Games,LG,Philippines
PUBG Mobile - Global,UCPUBGMGLOBAL,Games,LG,Indonesia
PUBG Mobile,UCPUBGM,Popular Games,LG,Indonesia
Voucher Minecraft,VMCFT,Voucher,LG,Indonesia
Amazon Gift Card,AMGC,Voucher,LG,Indonesia
Cabal : Ultimate Combo - SEA (PC Only),CUCSEA,Games,LG,Indonesia
Cabal : Infinite Combo - SEA,CICMSEA,Popular Games,LG,Indonesia
Football Rising Star,FRS,Games,LG,Indonesia
Hero Clash,HECL,Games,LG,Indonesia
Immortal Kingdom M,IMOKINGM,Games,LG,Indonesia
Jujutsu Kaisen Phantom Parade,JJKPPTOP,Games,LG,Indonesia
MIR4 via Log in,MIR4,Popular Games,LG,Indonesia
Wuthering Waves,WUTWVS,Popular Games,LG,Indonesia
Clash of Clans - via Login,COCLOG,Popular Games,LG,Indonesia
Ragnarok M Eternal Love,ROM,Popular Games,LG,Indonesia
Ragnarok M Classic - UID,ROMC,Popular Games,LG,Indonesia
Mobile Legends Brazil,ML,Games,LG,Brazil
Mobile Legends Malaysia,ML,Games,LG,Malaysia
Mobile Legends Singapore,ML,Popular Games,LG,Singapore
Mobile Legends Indonesia,ML,Games,LG,Indonesia
Throne and Liberty,TNL,Voucher,LG,Philippines
Onmyoji Arena,OA,Games,LG,Indonesia
The Ants,TANTS,Games,LG,Philippines
UgPhone,UGP,Voucher,LG,Philippines
Mangatoon,MAGT,Games,LG,Philippines
King Of Avalon,KOA,Games,LG,Indonesia
Ensemble Stars Music,ESM,Games,LG,Philippines
Magic Chess : Go Go,MCGG,Games,LG,Indonesia
Life Makeover,LFMO,Games,LG,Philippines
Binance Gift Card,BNGC,Voucher,LG,Indonesia
LIKEE DIAMOND,LKD,Games,LG,Philippines
Watcher of Realms,WOR,Games,LG,Philippines
WeTV VIP,WETVID,Games,LG,Philippines
Tencent QQ Coins,TQC,Games,LG,Philippines
imo International Calls and Chat,IMO,Games,LG,Philippines
Marvel Rivals,MRTU,Games,LG,Indonesia
Dead by Daylight Mobile,DBDM,Games,LG,Philippines
Mico Live Coins,MICO,Games,LG,Philippines
Poppo Live Coins,PLC,Entertainment,LG,Philippines
Airplane Chefs,APC,Games,LG,Philippines
ColorBANG,CLBG,Games,LG,Philippines
Honor of Kings,HOK,Popular Games,LG,Indonesia
Roblox Gift Card,ROB,Voucher,LG,Indonesia
Night Crows - Drop Link,NCRLINK,Games,LG,Indonesia
Goddess of Victory : Nikke,NIK,Games,LG,Philippines
Metal Slug : Awakening,MSAWK,Games,LG,Indonesia
Zepeto,ZPTO,Games,LG,Philippines
Steam Wallet Code,VSTEAM,Voucher,LG,Indonesia
Starmaker karaoke,STKK,Others,LG,Philippines
Mango Live,MGL,Others,LG,Philippines
Bigo Live,BIGO,Entertainment,LG,Philippines
Valorant A,VAL,Popular Games,LG,Philippines
Tinder,TIND,Others,LG,Indonesia
Turbo VPN,TURBO,Voucher,LG,Philippines
Palworld,PLW,Voucher,LG,Philippines
One Punch Man World,OPMW,Games,LG,Philippines
OCTOPATH TRAVELER CotC,OCTTR,Games,LG,Philippines
LAZADA,LAZ,Voucher,LG,Philippines
HAGO,HAGO,Games,LG,Philippines
MapleStory R,MPSTR,Games,LG,Philippines
Infinite Borders,IBR,Games,LG,Philippines
Stumble Guys,SG,Games,LG,Philippines
Ragnarok X - ID Number,ROXID,Games,LG,Indonesia
Legends of Runeterra,LOR,Games,LG,Philippines
Lita,LITA,Entertainment,LG,Philippines
Kings Choice,KC,Games,LG,Philippines
HATSUNE MIKU: COLORFUL STAGE!,HTSN,Games,LG,Philippines
Harry Potter: Magic Awakened,HRPMA,Games,LG,Philippines
Eggy Party,EGGPRT,Games,LG,Philippines
Dragonheir,DHR,Games,LG,Indonesia
Arena Breakout,AB,Games,LG,Philippines
8 Ball Pool,8BP,Games,LG,Indonesia
Honkai : Star Rail - UID,HSTR,Popular Games,LG,Indonesia
Package In Game Ragnarok Origin Global - In App Pack,ROOGLINK,Games,LG,Philippines
League Of Legends,LOLPC,Games,LG,Philippines
Nyan Berry Ragnarok Origin Global - ID Number,ROOGLOBAL,Games,LG,Philippines
MU Origin 3 SEA,MUO3,Games,LG,Indonesia
Marvel Snap,MSNP,Games,LG,Philippines
Revelation Mobile,RVLNM,Games,LG,Philippines
State of Survival: Zombie War,SOS,Games,LG,Indonesia
ERA OF CELESTIAL,EOC,Games,LG,Philippines
FOOTBALL MASTER 2,FM2,Games,LG,Indonesia
VOUCHER : Razer Gold,RGOLD,Voucher,LG,Philippines
VOUCHER : GARENA SHELLS,VGS,Voucher,LG,Philippines
XBOX : Gift Card,VXBOX,Voucher,LG,Indonesia
Voucher PlayStation Network (PSN),VPSN,Voucher,LG,Indonesia
UCPUBGM,UCPUBGM,Others,LG,Philippines
UC PUBGM - GLOBAL,UCPUBGMGLOBAL,Popular Games,LG,Philippines
TOWER OF FANTASY,TOF,Games,LG,Indonesia
TOM AND JERRY : CHASE,TJ,Games,LG,Indonesia
ONE PUNCH MAN,OP,Games,LG,Indonesia
NEVER AFTER,NAFID,Games,LG,Philippines
Mobile Legends Philippines,ML,Popular Games,LG,Philippines
LORDS MOBILE,LM,Games,LG,Indonesia
LIFEAFTER,LA,Games,LG,Philippines
LEAGUE OF LEGENDS : WILD RIFT,LOL,Popular Games,LG,Philippines
LAPLACE M,LAP,Games,LG,Indonesia
HONKAI IMPACT 3,HKI,Popular Games,LG,Indonesia
GENSHIN IMPACT,GI,Popular Games,LG,Indonesia
DRAGON RAJA,DR,Games,LG,Indonesia
Voucher Call of Duty Mobile,CODMPH,Popular Games,LG,Philippines
BE THE KING,BTK,Games,LG,Philippines
